The Matrix,6
The Matrix,10
The Matrix,10
The Objective,6
The Matrix,10
The Objective,6
The Matrix,9
Avatar,7
Avatar,7
Commando,8
Avatar,7
Commando,8
The Matrix Resurrections,10
The Matrix,10
The Objective,4
The Matrix,9
The Matrix,9
The Objective,7
The Matrix,9
The Objective,7
Moontrap: Target Earth,1
The Matrix,9
The Objective,7
Moontrap: Target Earth,1
The Matrix,9
The Objective,7
Moontrap: Target Earth,1
The Matrix,9
The Objective,7
Europa Report,4
Moontrap: Target Earth,1
The Matrix,9
The Objective,7
Europa Report,4
Moontrap: Target Earth,1
Legend: A Dragon Ball Tale,1
The Matrix,9
The Objective,7
Europa Report,4
Moontrap: Target Earth,1
Legend: A Dragon Ball Tale,1
Prospect,1
The Matrix,9
The Objective,7
Europa Report,4
Moontrap: Target Earth,1
Legend: A Dragon Ball Tale,1
Prospect,1
The Matrix,9
The Objective,7
Europa Report,4
Moontrap: Target Earth,1
Legend: A Dragon Ball Tale,1
Prospect,1
